title,link,genre,tags
ترميم مبنى تيرينج التاريخي في العتبة / المهندس مصطفى سالم + التنسيق الحضاري,https://www.youtube.com/watch?v=-Ab2mWE7_WU,Other,"ترميم, مبنى, تيرينج, التاريخي, العتبة, المهندس, مصطفى, سالم, التنسيق, الحضاري"
"آخر التطورات في رحلتنا. بالنسبة للعتبة ومبنى ""تيرنج"" Cairo Makeover",https://www.youtube.com/shorts/z-cPS0VoMtg,Other,"التطورات, رحلتنا., بالنسبة, للعتبة, ومبنى, ""تيرنج"", cairo, makeover"
23 March 2025,https://www.youtube.com/shorts/U9Gmo3xanj0,Other,"march, 2025"
Cairo Makeoverمبنى Tiring بالعتبة من جوهشوف الفيديو اللي قبله علشان تعرف قصه المبنى إيه,https://www.youtube.com/shorts/EC1dTsYZTIk,Other,"cairo, makeoverمبنى, tiring, بالعتبة, جوهشوف, الفيديو, اللي, قبله, علشان, تعرف, المبنى"
خطوة جديدة ومهمة في مشوار تطوير وسط البلد…  مفيش حاجة مستحيلة، المهم إننا نصدق وناخد خطوات!,https://www.youtube.com/watch?v=KajQlLnyzSQ,Other,"خطوة, جديدة, ومهمة, مشوار, تطوير, البلد…, مفيش, حاجة, مستحيلة،, المهم, إننا, نصدق, وناخد, خطوات!"
تحدي الرياضات مع شباب فالكونز 🥊🤺🤼‍♂️,https://www.youtube.com/watch?v=xEzhjcSndS4,Other,"تحدي, الرياضات, شباب, فالكونز, 🥊🤺🤼‍♂️"
تحدي اذا عرفت الشي بحاسة وحدة لك 500 ريال ( رحنا فيها ) !!,https://www.youtube.com/watch?v=zGOD4NcMHvQ,Other,"تحدي, عرفت, الشي, بحاسة, وحدة, ريال, رحنا, فيها"
ملخص مباراة برشلونة 3 - 2 ريال مدريد | نهائي كأس ملك إسبانيا 2025,https://www.youtube.com/watch?v=29qV7l2vULk,Other,"ملخص, مباراة, برشلونة, ريال, مدريد, نهائي, إسبانيا, 2025"
HIGHLIGHTS | FC BARCELONA 3 vs 2 REAL MADRID | EL CLÁSICO | COPA DEL REY FINAL 24/25 | CHAMPIONS!🔵🔴🏆,https://www.youtube.com/watch?v=oYHdKBfTwbE,Other,"highlights, barcelona, real, madrid, clásico, copa, final, 24/25, champions!🔵🔴🏆"
"Would You Risk Drowning for $500,000?",https://www.youtube.com/watch?v=uyiG6uw-6pA,Other,"would, risk, drowning, $500,000?"
فيديو كليب ولادة وفاء | ماشاء الله,https://www.youtube.com/watch?v=NIFRJYcy5c8,Other,"فيديو, كليب, ولادة, وفاء, ماشاء, الله"
بنك الكلمات | نسخة فالكونز 🏦🔥,https://www.youtube.com/watch?v=8Ed8orscSsc,Other,"الكلمات, نسخة, فالكونز"
تحدي نعيش يوم كامل بـ 25 ريال في اليابان !!,https://www.youtube.com/watch?v=I1fxFcWpQdU,Other,"تحدي, نعيش, كامل, ريال, اليابان"
مافيوسو🕵️‍♂️حلقة لمحبي الخضروات,https://www.youtube.com/watch?v=czQVBwlwCIU,Other,"مافيوسو🕵️‍♂️حلقة, لمحبي, الخضروات"
The new Hay Day letters are here!,https://www.youtube.com/watch?v=5B7vYdOYIjY,Other,"letters, here!"
اكبر شرطي حرامي في السعوديه كامله 🇸🇦🔥!! ( وانا الحرامي🙎‍♂️!),https://www.youtube.com/watch?v=aAVlIBGEfbw,Other,"اكبر, شرطي, حرامي, السعوديه, كامله, 🇸🇦🔥!!, وانا, الحرامي🙎‍♂️!)"
مكنكة مع اوبلز #3,https://www.youtube.com/watch?v=ivSnLE2IVgI,Other,"مكنكة, اوبلز"
تحدي تخمين اللاعب مع تاحو - الانتقام أم الإهانة🔥!!,https://www.youtube.com/watch?v=zHCc4ifutMA,Other,"تحدي, تخمين, اللاعب, تاحو, الانتقام, الإهانة🔥!!"
ملخص مباراة ليفربول وتوتنهام | ليفربول يتوج بطلاً للدوري الإنجليزي الممتاز - الجولة 34,https://www.youtube.com/watch?v=MYIH-rPu6Fk,Other,"ملخص, مباراة, ليفربول, وتوتنهام, ليفربول, يتوج, بطلاً, للدوري, الإنجليزي, الممتاز, الجولة"
أهداف مباراة النصر 4 - 1 يوكوهاما الياباني | أبطال آسيا النخبة | AlNassr Vs Yokohama Goals,https://www.youtube.com/watch?v=Q6G1O5ZUfqI,Other,"أهداف, مباراة, النصر, يوكوهاما, الياباني, أبطال, آسيا, النخبة, alnassr, yokohama, goals"
Hussain Al Jassmi - Fostanek Al Abyad | حسين الجسمي - فستانك الأبيض من حفل زفاف هشام جمال وليلى زاهر,https://www.youtube.com/watch?v=aktY1vejF9Y,Other,"hussain, jassmi, fostanek, abyad, حسين, الجسمي, فستانك, الأبيض, زفاف, هشام, جمال, وليلى, زاهر"
أميمة مشات وخلات كولشي محروق عليها😭 كولشي بكا عليها وتيتيش ماقدراتش تسمح فختها احساس صعيب بزاف😥😫,https://www.youtube.com/watch?v=_iULeyaG17w,Other,"أميمة, مشات, وخلات, كولشي, محروق, عليها😭, كولشي, عليها, وتيتيش, ماقدراتش, تسمح, فختها, احساس, صعيب, بزاف😥😫"
بدون كلام نسخة اعضاء باور #4,https://www.youtube.com/watch?v=xoD0kGfNrBg,Other,"بدون, كلام, نسخة, اعضاء, باور"
اكل شوارع فيتنام🇻🇳🍜,https://www.youtube.com/watch?v=OBhbCm2jHIU,Other,"شوارع, فيتنام🇻🇳🍜"
شبكات | كيف ساعد المغرب إسبانيا لاستعادة الكهرباء؟,https://www.youtube.com/watch?v=5aAdaAPgxWk,Other,"شبكات, ساعد, المغرب, إسبانيا, لاستعادة, الكهرباء؟"
حسين الجسمي -  فستانك الأبيض | 2025,https://www.youtube.com/watch?v=ARh_bhCqiiM,Other,"حسين, الجسمي, فستانك, الأبيض, 2025"
الكابتن محمود الخطيب يكرم كولر وجهازه المعاون 🦅❤️,https://www.youtube.com/watch?v=Xhrpvw35Rz8,Other,"الكابتن, محمود, الخطيب, يكرم, كولر, وجهازه, المعاون"
صدق أو لا تصدق 😱 برشلونة يقتل ريال مدريد بريمونتادا !🔥,https://www.youtube.com/watch?v=cWBu9WcQMog&pp=0gcJCYQJAYcqIYzv,Other,"تصدق, برشلونة, يقتل, ريال, مدريد, بريمونتادا"
اخيرا كتبنا عقد بيتنا الجديد 🥳(قمه الفخامه 🏡🤩) شوفو بيتنا الجديد,https://www.youtube.com/watch?v=JWRK0wDy3rM,Other,"اخيرا, كتبنا, بيتنا, الجديد, 🥳(قمه, الفخامه, شوفو, بيتنا, الجديد"
الكورة مع فايق | خروج كولر من الملعب برمي الزجاجات.. وسيد عبدالحفيظ يتحدث عن الخروج المهين,https://www.youtube.com/watch?v=K058V04VZpE,Other,"الكورة, فايق, خروج, كولر, الملعب, برمي, الزجاجات.., وسيد, عبدالحفيظ, يتحدث, الخروج, المهين"
الأهلي يتعادل مع صن داونز فى القاهرة بهدف لكل فريق و يودع دورى الابطال و يقترب من موسم صفرى,https://www.youtube.com/watch?v=zyt4Cczh31I,Other,"الأهلي, يتعادل, داونز, القاهرة, بهدف, فريق, يودع, دورى, الابطال, يقترب, موسم, صفرى"
كيف تعيش ب 100 ريال مع أبو خليل وأبو سويحل 😂,https://www.youtube.com/watch?v=QUuMQCaX250,Other,"تعيش, ريال, خليل, وأبو, سويحل"
انقطاع الكهرباء يربك دولا أوروبية ويعطل المطارات والبنوك.. التفاصيل كاملة | #ستوديو_وان_مع_فضيلة,https://www.youtube.com/watch?v=j384XBenq8c,Other,"انقطاع, الكهرباء, يربك, دولا, أوروبية, ويعطل, المطارات, والبنوك.., التفاصيل, كاملة, #ستوديو_وان_مع_فضيلة"
Lalla Laaroussa 2025 Prime لالة لعروسة برايم 3,https://www.youtube.com/watch?v=HGmBHYbhQQc,Other,"lalla, laaroussa, 2025, prime, لالة, لعروسة, برايم"
أغبى شي اسويه في حياتي !! 🤯 🤣,https://www.youtube.com/watch?v=nHLP0kKPjuc,Other,"أغبى, اسويه, حياتي"
جربت أسوأ 3 خبيرات مكياج عرايس  | وجهي تدمر ! 😭,https://www.youtube.com/watch?v=z3zfI4MVCjU,Other,"جربت, أسوأ, خبيرات, مكياج, عرايس, وجهي, تدمر"
ماين كرافت لاست لايف #20 سويت لعبة الجولف وحصلت دايموند كثير !!؟,https://www.youtube.com/watch?v=jpBiob8HN8Q,Other,"ماين, كرافت, لاست, لايف, سويت, لعبة, الجولف, وحصلت, دايموند, كثير"
الفيديو المنتظر 🏡جوله في شقتي ع النيل بعد الفرش 🙈🤷‍♀️,https://www.youtube.com/watch?v=dfgaNnQbEls,Other,"الفيديو, المنتظر, 🏡جوله, شقتي, النيل, الفرش, 🙈🤷‍♀️"
نصوحي سرق عرفي 🥷 ومرعي حافظ على رامز 😱| المواجهة الاقوى في صباحو تحدي 💥,https://www.youtube.com/watch?v=xcr5MPn9Qv4,Other,"نصوحي, عرفي, ومرعي, حافظ, رامز, المواجهة, الاقوى, صباحو, تحدي"
جربنا فعاليات أيام الطيبين vs الحاضر,https://www.youtube.com/watch?v=nJO3Phs4Pcg,Other,"جربنا, فعاليات, أيام, الطيبين, الحاضر"
وحدنا في البيت مع بابا !!!,https://www.youtube.com/watch?v=mGbZ4qktKWE&pp=0gcJCYQJAYcqIYzv,Other,"وحدنا, البيت, بابا"
الدكش يكشف رد فعل امام عاشور بعد هدف صن داونز وما فعله الجمهور مع كولر,https://www.youtube.com/watch?v=-8R-pCQAgBk,Other,"الدكش, يكشف, امام, عاشور, داونز, فعله, الجمهور, كولر"
سورة الكهف كاملة للشيخ د.ياسر الدوسري اجمل تلاوة في يوم الجمعة,https://www.youtube.com/watch?v=RTI6_xnmVFA,Other,"سورة, الكهف, كاملة, للشيخ, د.ياسر, الدوسري, اجمل, تلاوة, الجمعة"
إنتر 0-3 ميلان | إياب نصف النهائي | كأس إيطاليا,https://www.youtube.com/watch?v=YNS-mThZ6Vw,Other,"إنتر, ميلان, إياب, النهائي, إيطاليا"
لاست لايف #19 كل اعضاء السيرفر يحاولون قتلي !!؟,https://www.youtube.com/watch?v=SpYx5OBlRrE,Other,"لاست, لايف, اعضاء, السيرفر, يحاولون, قتلي"
مطعم شبه  في مصر Raising Cane's ؟! - تاكل ايه من Hashville ؟,https://www.youtube.com/watch?v=Qcg89j5zRig,Other,"مطعم, raising, cane's, تاكل, hashville"
تجميعات لافضل حلقات روبي الخارقة/  الجزء السادس,https://www.youtube.com/watch?v=tbHNeqiP7yc,Other,"تجميعات, لافضل, حلقات, روبي, الخارقة/, الجزء, السادس"
و اخيراً غرفتي في قصر باور 🏰🔴!,https://www.youtube.com/watch?v=fj6oJ5HbgFQ,Other,"اخيراً, غرفتي, باور"
Wegz X tayc- Girlfriend (Official Music Video),https://www.youtube.com/watch?v=VC358y0OdIU,Other,"wegz, tayc-, girlfriend, (official, music, video)"
فاجأة حمدي ووفاء قبل الولادة🤰(مقلبوني 🤯),https://www.youtube.com/watch?v=368B4zBN7Rc,Other,"فاجأة, حمدي, ووفاء, الولادة🤰(مقلبوني"
نهايتي مع باور 🔚,https://www.youtube.com/watch?v=pDm_sU8wdSY,Other,"نهايتي, باور"
مين الكفو من باور يروح معي في رحلة الكرفان ؟,https://www.youtube.com/watch?v=hn3aZGRjPD8,Other,"الكفو, باور, يروح, رحلة, الكرفان"
خروج الاهلي من بطولة افريقيا و صن داونز عملها و البركة في عم كولر فقد الشغف و التغيرات امشي يعم كولر,https://www.youtube.com/watch?v=Ltgd6tlpWFM,Other,"خروج, الاهلي, بطولة, افريقيا, داونز, عملها, البركة, كولر, الشغف, التغيرات, امشي, كولر"
🔴 بث مباشر | أولمبيك آسفي- الوداد الرياضي,https://www.youtube.com/watch?v=3Wp-QBl0VQM,Other,"مباشر, أولمبيك, آسفي-, الوداد, الرياضي"
مقلب العودة لمصر بزوجتي 🤫 اتفاجأت انها في اوروبا 🤯 اتصدمت 😝,https://www.youtube.com/watch?v=uu567DnYfX4,Other,"مقلب, العودة, لمصر, بزوجتي, اتفاجأت, انها, اوروبا, اتصدمت"
Hussain Al Jassmi - Fostanek Al Abyad | حسين الجسمي - فستانك الأبيض من حفل زفاف هشام جمال وليلى زاهر,https://www.youtube.com/watch?v=aktY1vejF9Y,Other,"hussain, jassmi, fostanek, abyad, حسين, الجسمي, فستانك, الأبيض, زفاف, هشام, جمال, وليلى, زاهر"
اكبر شرطي حرامي في السعوديه كامله 🇸🇦🔥!! ( وانا الحرامي🙎‍♂️!),https://www.youtube.com/watch?v=aAVlIBGEfbw,Other,"اكبر, شرطي, حرامي, السعوديه, كامله, 🇸🇦🔥!!, وانا, الحرامي🙎‍♂️!)"
تحدي الرياضات مع شباب فالكونز 🥊🤺🤼‍♂️,https://www.youtube.com/watch?v=xEzhjcSndS4&pp=0gcJCYQJAYcqIYzv,Other,"تحدي, الرياضات, شباب, فالكونز, 🥊🤺🤼‍♂️"
تحدي تخمين اللاعب مع تاحو - الانتقام أم الإهانة🔥!!,https://www.youtube.com/watch?v=zHCc4ifutMA,Other,"تحدي, تخمين, اللاعب, تاحو, الانتقام, الإهانة🔥!!"
بنك الكلمات | نسخة فالكونز 🏦🔥,https://www.youtube.com/watch?v=8Ed8orscSsc,Other,"الكلمات, نسخة, فالكونز"
داهمت قصر باور ب 50 شمري 😂🔥,https://www.youtube.com/watch?v=sFmi_n_SMRI,Other,"داهمت, باور, شمري"
حفلة عرسي 💍,https://www.youtube.com/watch?v=7aLqIpxvny0,Other,"حفلة, عرسي"
تحدي نعيش يوم كامل بـ 25 ريال في اليابان !!,https://www.youtube.com/watch?v=I1fxFcWpQdU,Other,"تحدي, نعيش, كامل, ريال, اليابان"
أغبى شي اسويه في حياتي !! 🤯 🤣,https://www.youtube.com/watch?v=nHLP0kKPjuc,Other,"أغبى, اسويه, حياتي"
مين الكفو من باور يروح معي في رحلة الكرفان ؟,https://www.youtube.com/watch?v=hn3aZGRjPD8,Other,"الكفو, باور, يروح, رحلة, الكرفان"
Wegz - ElWa3d - الوعد,https://www.youtube.com/watch?v=dnRvmHcN_tI,Other,"wegz, elwa3d, الوعد"
مكنكة مع اوبلز #3,https://www.youtube.com/watch?v=ivSnLE2IVgI,Other,"مكنكة, اوبلز"
جربت أسوأ 3 خبيرات مكياج عرايس  | وجهي تدمر ! 😭,https://www.youtube.com/watch?v=z3zfI4MVCjU,Other,"جربت, أسوأ, خبيرات, مكياج, عرايس, وجهي, تدمر"
كليب محكمه ودخلنا علي المفرمه ( افتري و عوجلي شعره لورا ) عصام صاصا الكروان - توزيع كيمو الديب,https://www.youtube.com/watch?v=1fVdU91ajec,Other,"كليب, محكمه, ودخلنا, المفرمه, افتري, عوجلي, شعره, لورا, عصام, صاصا, الكروان, توزيع, كيمو, الديب"
اكل شوارع فيتنام🇻🇳🍜,https://www.youtube.com/watch?v=OBhbCm2jHIU,Other,"شوارع, فيتنام🇻🇳🍜"
مافيوسو🕵️‍♂️حلقة لمحبي الخضروات,https://www.youtube.com/watch?v=czQVBwlwCIU,Other,"مافيوسو🕵️‍♂️حلقة, لمحبي, الخضروات"
مقلب | لبست اسوء بدلة بعرس اختي نارين! 👰💍,https://www.youtube.com/watch?v=GKeUCfRR-JU,Other,"مقلب, لبست, اسوء, بدلة, بعرس, اختي, نارين!"
إنتر 0-3 ميلان | إياب نصف النهائي | كأس إيطاليا,https://www.youtube.com/watch?v=YNS-mThZ6Vw,Other,"إنتر, ميلان, إياب, النهائي, إيطاليا"
تحدي اذا عرفت الشي بحاسة وحدة لك 500 ريال ( رحنا فيها ) !!,https://www.youtube.com/watch?v=zGOD4NcMHvQ,Other,"تحدي, عرفت, الشي, بحاسة, وحدة, ريال, رحنا, فيها"
احمد ستار - توبه | 2025  Ahmed Sattar - Tubah ( Official Music Video ),https://www.youtube.com/watch?v=wqtv1Ns5X_s,Other,"احمد, ستار, توبه, 2025, ahmed, sattar, tubah, official, music, video"
فيديو كليب ولادة وفاء | ماشاء الله,https://www.youtube.com/watch?v=NIFRJYcy5c8,Other,"فيديو, كليب, ولادة, وفاء, ماشاء, الله"
جربنا فعاليات أيام الطيبين vs الحاضر,https://www.youtube.com/watch?v=nJO3Phs4Pcg,Other,"جربنا, فعاليات, أيام, الطيبين, الحاضر"
كيف تعيش ب 100 ريال مع أبو خليل وأبو سويحل 😂,https://www.youtube.com/watch?v=QUuMQCaX250&pp=0gcJCYQJAYcqIYzv,Other,"تعيش, ريال, خليل, وأبو, سويحل"
نهايتي مع باور 🔚,https://www.youtube.com/watch?v=pDm_sU8wdSY&pp=0gcJCYQJAYcqIYzv,Other,"نهايتي, باور"
أهداف مباراة النصر 4 - 1 يوكوهاما الياباني | أبطال آسيا النخبة | AlNassr Vs Yokohama Goals,https://www.youtube.com/watch?v=Q6G1O5ZUfqI,Other,"أهداف, مباراة, النصر, يوكوهاما, الياباني, أبطال, آسيا, النخبة, alnassr, yokohama, goals"
الكورة مع فايق | خروج كولر من الملعب برمي الزجاجات.. وسيد عبدالحفيظ يتحدث عن الخروج المهين,https://www.youtube.com/watch?v=K058V04VZpE,Other,"الكورة, فايق, خروج, كولر, الملعب, برمي, الزجاجات.., وسيد, عبدالحفيظ, يتحدث, الخروج, المهين"
Brawl Talk: A NEW BRAWLER RARITY?!,https://www.youtube.com/watch?v=6D1yFt1Uook,Other,"brawl, talk:, brawler, rarity?!"
الأهلي يتعادل مع صن داونز فى القاهرة بهدف لكل فريق و يودع دورى الابطال و يقترب من موسم صفرى,https://www.youtube.com/watch?v=zyt4Cczh31I,Other,"الأهلي, يتعادل, داونز, القاهرة, بهدف, فريق, يودع, دورى, الابطال, يقترب, موسم, صفرى"
🟦 🟪 اكبر لعبة ألوان مع اليوتيوبرز,https://www.youtube.com/watch?v=y4ZqKsTQN8I,Other,"اكبر, لعبة, ألوان, اليوتيوبرز"
عيد ميلاد سارة اتحول لكارثه !!,https://www.youtube.com/watch?v=O5ukHoPwFAA,Other,"ميلاد, سارة, اتحول, لكارثه"
اذا غلطت تتعاقب مع اعضاء فالكونز !,https://www.youtube.com/watch?v=I2XKP-wfQ1M,Other,"غلطت, تتعاقب, اعضاء, فالكونز"
بقالة رائد واصدقائه 🤣!,https://www.youtube.com/watch?v=hkNNlD4jeBU,Other,"بقالة, رائد, واصدقائه"
بدون كلام نسخة اعضاء باور #4,https://www.youtube.com/watch?v=xoD0kGfNrBg,Other,"بدون, كلام, نسخة, اعضاء, باور"
العلماء رجعوا مخلوق منقرض,https://www.youtube.com/watch?v=ybi5uwq3eDg,Other,"العلماء, رجعوا, مخلوق, منقرض"
ملخص مباراة ليفربول وتوتنهام | ليفربول يتوج بطلاً للدوري الإنجليزي الممتاز - الجولة 34,https://www.youtube.com/watch?v=MYIH-rPu6Fk,Other,"ملخص, مباراة, ليفربول, وتوتنهام, ليفربول, يتوج, بطلاً, للدوري, الإنجليزي, الممتاز, الجولة"
و اخيراً غرفتي في قصر باور 🏰🔴!,https://www.youtube.com/watch?v=fj6oJ5HbgFQ,Other,"اخيراً, غرفتي, باور"
سورة الكهف كاملة للشيخ د.ياسر الدوسري اجمل تلاوة في يوم الجمعة,https://www.youtube.com/watch?v=RTI6_xnmVFA,Other,"سورة, الكهف, كاملة, للشيخ, د.ياسر, الدوسري, اجمل, تلاوة, الجمعة"
تحدي أغرب أماكن السكن في اليابان ( فندق الكبسولة ) !!,https://www.youtube.com/watch?v=5VZg3aNwWC4,Other,"تحدي, أغرب, أماكن, السكن, اليابان, فندق, الكبسولة"
ليلة حنة نارين بيوتي ❤️,https://www.youtube.com/watch?v=AglLAB-K1xg,Other,"ليلة, نارين, بيوتي"
نصوحي سرق عرفي 🥷 ومرعي حافظ على رامز 😱| المواجهة الاقوى في صباحو تحدي 💥,https://www.youtube.com/watch?v=xcr5MPn9Qv4,Other,"نصوحي, عرفي, ومرعي, حافظ, رامز, المواجهة, الاقوى, صباحو, تحدي"
وحدنا في البيت مع بابا !!!,https://www.youtube.com/watch?v=mGbZ4qktKWE,Other,"وحدنا, البيت, بابا"
رحلة تسوق سريعة للبيبي | شكل غرفة راية النهائي 👧🏻🩷,https://www.youtube.com/watch?v=kNnNMGEHVmA,Other,"رحلة, تسوق, سريعة, للبيبي, غرفة, راية, النهائي"
هل اعضاء باور يفكرون نفس التفكير مع اعضاء باور الجدد !,https://www.youtube.com/watch?v=FpyZV5rtp2g&pp=0gcJCYQJAYcqIYzv,Other,"اعضاء, باور, يفكرون, التفكير, اعضاء, باور, الجدد"
ملخص مباراة آرسنال وريال مدريد (3-0) | دوري أبطال أوروبا - ذهاب الدور ربع النهائي,https://www.youtube.com/watch?v=vAA1lm4JyQ0&pp=0gcJCYQJAYcqIYzv,Other,"ملخص, مباراة, آرسنال, وريال, مدريد, (3-0), دوري, أبطال, أوروبا, ذهاب, الدور, النهائي"
Wegz X tayc- Girlfriend (Official Music Video),https://www.youtube.com/watch?v=VC358y0OdIU,Other,"wegz, tayc-, girlfriend, (official, music, video)"
ردة فعلي على ميمز عرس نارين بيوتي !!,https://www.youtube.com/watch?v=1sFftb5Y_iY,Other,"فعلي, ميمز, نارين, بيوتي"
